id,title,score,num_comments,author,created_utc,url,over_18,edited,spoiler,stickied
1fojnzt,CXOs love Data Mesh,62,18,fusetron,2024-09-24 18:30:54,https://www.reddit.com/r/dataengineering/comments/1fojnzt/cxos_love_data_mesh/,False,False,False,False
1foo26g,Do you use JetBrains IDEs?,53,59,layer456,2024-09-24 21:34:16,https://www.reddit.com/r/dataengineering/comments/1foo26g/do_you_use_jetbrains_ides/,False,False,False,False
1fp5aok,Running 7 Million Jobs in Parallel,46,93,spy2000put,2024-09-25 14:06:34,https://www.reddit.com/r/dataengineering/comments/1fp5aok/running_7_million_jobs_in_parallel/,False,False,False,False
1for7xq,Best way to gain real word experience as a Data engineering without a internship,28,14,Dense_Loss3242,2024-09-25 00:02:30,https://www.reddit.com/r/dataengineering/comments/1for7xq/best_way_to_gain_real_word_experience_as_a_data/,False,False,False,False
1foyzyd,What are the Unique Features of Trino? Use Cases?,19,13,Over-Drink8537,2024-09-25 07:46:48,https://www.reddit.com/r/dataengineering/comments/1foyzyd/what_are_the_unique_features_of_trino_use_cases/,False,False,False,False
1fp28cj,Which company to choose? ,13,38,GreyArea1985,2024-09-25 11:35:54,https://www.reddit.com/r/dataengineering/comments/1fp28cj/which_company_to_choose/,False,False,False,False
1fp12bx,Data Lineage,11,6,Ok-Criticism-8127,2024-09-25 10:21:45,https://www.reddit.com/r/dataengineering/comments/1fp12bx/data_lineage/,False,False,False,False
1fojlau,Normalizing Data from Evolving CSV Files â€” Best Tools/Approach?,6,3,Asleep-Importance-10,2024-09-24 18:27:53,https://www.reddit.com/r/dataengineering/comments/1fojlau/normalizing_data_from_evolving_csv_files_best/,False,False,False,False
1fp5ow1,How do you write spark code for Databricks?,8,7,Right-Foundation2919,2024-09-25 14:23:37,https://www.reddit.com/r/dataengineering/comments/1fp5ow1/how_do_you_write_spark_code_for_databricks/,False,False,False,False
1fozdel,Career Advice,6,7,anonymous_annonimity,2024-09-25 08:16:23,https://www.reddit.com/r/dataengineering/comments/1fozdel/career_advice/,False,False,False,False
